CREATE DATABASE  IF NOT EXISTS `university_db` /*!40100 DEFAULT CHARACTER SET utf8mb4 COLLATE utf8mb4_0900_ai_ci */ /*!80016 DEFAULT ENCRYPTION='N' */;
USE `university_db`;
-- MySQL dump 10.13  Distrib 8.0.31, for Win64 (x86_64)
--
-- Host: localhost    Database: university_db
-- ------------------------------------------------------
-- Server version	8.0.31

/*!40101 SET @OLD_CHARACTER_SET_CLIENT=@@CHARACTER_SET_CLIENT */;
/*!40101 SET @OLD_CHARACTER_SET_RESULTS=@@CHARACTER_SET_RESULTS */;
/*!40101 SET @OLD_COLLATION_CONNECTION=@@COLLATION_CONNECTION */;
/*!50503 SET NAMES utf8 */;
/*!40014 SET @OLD_UNIQUE_CHECKS=@@UNIQUE_CHECKS, UNIQUE_CHECKS=0 */;
/*!40014 SET @OLD_FOREIGN_KEY_CHECKS=@@FOREIGN_KEY_CHECKS, FOREIGN_KEY_CHECKS=0 */;
/*!40101 SET @OLD_SQL_MODE=@@SQL_MODE, SQL_MODE='NO_AUTO_VALUE_ON_ZERO' */;
/*!40111 SET @OLD_SQL_NOTES=@@SQL_NOTES, SQL_NOTES=0 */;

--
-- Table structure for table `classroom`
--

DROP TABLE IF EXISTS classroom;
/*!40101 SET @saved_cs_client     = @@character_set_client */;
/*!50503 SET character_set_client = utf8mb4 */;
CREATE TABLE classroom (
  ClassroomID int(3) unsigned zerofill NOT NULL,
  classroom_name text,
  Building text,
  SeatingCapacity int DEFAULT NULL,
  classroom_type text,
  DeptID int DEFAULT NULL,
  PRIMARY KEY (ClassroomID),
  KEY FK_CL_DP_idx (DeptID),
  CONSTRAINT FK_CL_DP FOREIGN KEY (DeptID) REFERENCES department (DepartmentID) ON DELETE CASCADE ON UPDATE CASCADE
) ENGINE=InnoDB DEFAULT CHARSET=utf8mb4 COLLATE=utf8mb4_0900_ai_ci;
/*!40101 SET character_set_client = @saved_cs_client */;

--
-- Dumping data for table `classroom`
--

INSERT INTO classroom VALUES (001,'A-0','A',259,'Classroom',8);
INSERT INTO classroom VALUES (002,'A-1','A',100,'Lab',15);
INSERT INTO classroom VALUES (003,'A-2','A',30,'Lab',2);
INSERT INTO classroom VALUES (004,'A-3','A',79,'Lab',16);
INSERT INTO classroom VALUES (005,'A-4','A',65,'Lab',12);
INSERT INTO classroom VALUES (006,'A-5','A',211,'Classroom',17);
INSERT INTO classroom VALUES (007,'A-6','A',145,'Classroom',20);
INSERT INTO classroom VALUES (008,'A-7','A',145,'Classroom',5);
INSERT INTO classroom VALUES (009,'A-8','A',149,'Classroom',12);
INSERT INTO classroom VALUES (010,'A-9','A',273,'Classroom',13);
INSERT INTO classroom VALUES (011,'A-10','A',88,'Lab',24);
INSERT INTO classroom VALUES (012,'A-11','A',97,'Lab',12);
INSERT INTO classroom VALUES (013,'A-12','A',143,'Classroom',14);
INSERT INTO classroom VALUES (014,'A-13','A',177,'Classroom',7);
INSERT INTO classroom VALUES (015,'A-14','A',248,'Classroom',10);
INSERT INTO classroom VALUES (016,'A-15','A',153,'Classroom',13);
INSERT INTO classroom VALUES (017,'A-16','A',119,'Classroom',5);
INSERT INTO classroom VALUES (018,'A-17','A',107,'Classroom',24);
INSERT INTO classroom VALUES (019,'A-18','A',78,'Lab',15);
INSERT INTO classroom VALUES (020,'A-19','A',221,'Classroom',21);
INSERT INTO classroom VALUES (021,'A-20','A',134,'Classroom',14);
INSERT INTO classroom VALUES (022,'B-0','B',275,'Classroom',13);
INSERT INTO classroom VALUES (023,'B-1','B',173,'Classroom',17);
INSERT INTO classroom VALUES (024,'B-2','B',64,'Lab',19);
INSERT INTO classroom VALUES (025,'B-3','B',277,'Classroom',9);
INSERT INTO classroom VALUES (026,'B-4','B',164,'Classroom',13);
INSERT INTO classroom VALUES (027,'B-5','B',136,'Classroom',5);
INSERT INTO classroom VALUES (028,'B-6','B',106,'Classroom',4);
INSERT INTO classroom VALUES (029,'B-7','B',224,'Classroom',11);
INSERT INTO classroom VALUES (030,'C-0','C',166,'Classroom',2);
INSERT INTO classroom VALUES (031,'C-1','C',28,'Lab',11);
INSERT INTO classroom VALUES (032,'C-2','C',266,'Classroom',25);
INSERT INTO classroom VALUES (033,'C-3','C',226,'Classroom',21);
INSERT INTO classroom VALUES (034,'C-4','C',128,'Classroom',12);
INSERT INTO classroom VALUES (035,'C-5','C',90,'Lab',12);
INSERT INTO classroom VALUES (036,'C-6','C',83,'Lab',12);
INSERT INTO classroom VALUES (037,'C-7','C',162,'Classroom',15);
INSERT INTO classroom VALUES (038,'C-8','C',113,'Classroom',18);
INSERT INTO classroom VALUES (039,'C-9','C',121,'Classroom',2);
INSERT INTO classroom VALUES (040,'C-10','C',126,'Classroom',10);
INSERT INTO classroom VALUES (041,'C-11','C',49,'Lab',26);
INSERT INTO classroom VALUES (042,'C-12','C',177,'Classroom',17);
INSERT INTO classroom VALUES (043,'C-13','C',126,'Classroom',18);
INSERT INTO classroom VALUES (044,'C-14','C',216,'Classroom',22);
INSERT INTO classroom VALUES (045,'C-15','C',32,'Lab',23);
INSERT INTO classroom VALUES (046,'C-16','C',195,'Classroom',26);
INSERT INTO classroom VALUES (047,'C-17','C',260,'Classroom',24);
INSERT INTO classroom VALUES (048,'C-18','C',224,'Classroom',21);
INSERT INTO classroom VALUES (049,'C-19','C',219,'Classroom',19);
INSERT INTO classroom VALUES (050,'C-20','C',43,'Lab',17);
INSERT INTO classroom VALUES (051,'C-21','C',117,'Classroom',2);
INSERT INTO classroom VALUES (052,'D-0','D',88,'Lab',18);
INSERT INTO classroom VALUES (053,'D-1','D',59,'Lab',26);
INSERT INTO classroom VALUES (054,'D-2','D',207,'Classroom',23);
INSERT INTO classroom VALUES (055,'D-3','D',276,'Classroom',18);
INSERT INTO classroom VALUES (056,'D-4','D',213,'Classroom',3);
INSERT INTO classroom VALUES (057,'D-5','D',140,'Classroom',21);
INSERT INTO classroom VALUES (058,'D-6','D',42,'Lab',13);
INSERT INTO classroom VALUES (059,'D-7','D',228,'Classroom',3);
INSERT INTO classroom VALUES (060,'D-8','D',51,'Lab',2);
INSERT INTO classroom VALUES (061,'D-9','D',229,'Classroom',26);
INSERT INTO classroom VALUES (062,'D-10','D',97,'Lab',11);
INSERT INTO classroom VALUES (063,'D-11','D',162,'Classroom',17);
INSERT INTO classroom VALUES (064,'D-12','D',111,'Classroom',10);
INSERT INTO classroom VALUES (065,'D-13','D',110,'Classroom',5);
INSERT INTO classroom VALUES (066,'D-14','D',121,'Classroom',20);
INSERT INTO classroom VALUES (067,'D-15','D',139,'Classroom',2);
INSERT INTO classroom VALUES (068,'D-16','D',267,'Classroom',12);
INSERT INTO classroom VALUES (069,'D-17','D',260,'Classroom',12);
INSERT INTO classroom VALUES (070,'D-18','D',236,'Classroom',13);
INSERT INTO classroom VALUES (071,'E-0','E',71,'Lab',25);
INSERT INTO classroom VALUES (072,'E-1','E',76,'Lab',9);
INSERT INTO classroom VALUES (073,'E-2','E',120,'Classroom',6);
INSERT INTO classroom VALUES (074,'E-3','E',94,'Lab',20);
INSERT INTO classroom VALUES (075,'E-4','E',57,'Lab',1);
INSERT INTO classroom VALUES (076,'E-5','E',99,'Lab',23);
INSERT INTO classroom VALUES (077,'E-6','E',115,'Classroom',1);
INSERT INTO classroom VALUES (078,'E-7','E',152,'Classroom',11);
INSERT INTO classroom VALUES (079,'F-0','F',180,'Classroom',1);
INSERT INTO classroom VALUES (080,'F-1','F',253,'Classroom',3);
INSERT INTO classroom VALUES (081,'F-2','F',252,'Classroom',16);
INSERT INTO classroom VALUES (082,'F-3','F',67,'Lab',25);
INSERT INTO classroom VALUES (083,'F-4','F',243,'Classroom',11);
INSERT INTO classroom VALUES (084,'F-5','F',179,'Classroom',5);
INSERT INTO classroom VALUES (085,'F-6','F',233,'Classroom',23);
INSERT INTO classroom VALUES (086,'F-7','F',256,'Classroom',12);
INSERT INTO classroom VALUES (087,'F-8','F',125,'Classroom',1);
INSERT INTO classroom VALUES (088,'F-9','F',65,'Lab',11);
INSERT INTO classroom VALUES (089,'F-10','F',265,'Classroom',25);
INSERT INTO classroom VALUES (090,'F-11','F',123,'Classroom',10);
INSERT INTO classroom VALUES (091,'F-12','F',70,'Lab',11);
INSERT INTO classroom VALUES (092,'F-13','F',187,'Classroom',10);
INSERT INTO classroom VALUES (093,'F-14','F',95,'Lab',23);
INSERT INTO classroom VALUES (094,'F-15','F',267,'Classroom',13);
INSERT INTO classroom VALUES (095,'F-16','F',160,'Classroom',9);
INSERT INTO classroom VALUES (096,'F-17','F',178,'Classroom',25);
INSERT INTO classroom VALUES (097,'F-18','F',218,'Classroom',7);
INSERT INTO classroom VALUES (098,'F-19','F',280,'Classroom',23);
INSERT INTO classroom VALUES (099,'F-20','F',248,'Classroom',4);
INSERT INTO classroom VALUES (100,'F-21','F',209,'Classroom',14);
INSERT INTO classroom VALUES (101,'F-22','F',249,'Classroom',8);
INSERT INTO classroom VALUES (102,'F-23','F',244,'Classroom',15);
INSERT INTO classroom VALUES (103,'G-0','G',123,'Classroom',12);
INSERT INTO classroom VALUES (104,'G-1','G',80,'Lab',5);
INSERT INTO classroom VALUES (105,'G-2','G',117,'Classroom',14);
INSERT INTO classroom VALUES (106,'G-3','G',69,'Lab',6);
INSERT INTO classroom VALUES (107,'G-4','G',274,'Classroom',6);
INSERT INTO classroom VALUES (108,'H-0','H',245,'Classroom',15);
INSERT INTO classroom VALUES (109,'H-1','H',191,'Classroom',23);
INSERT INTO classroom VALUES (110,'H-2','H',26,'Lab',15);
INSERT INTO classroom VALUES (111,'H-3','H',195,'Classroom',9);
INSERT INTO classroom VALUES (112,'H-4','H',61,'Lab',14);
INSERT INTO classroom VALUES (113,'H-5','H',84,'Lab',22);
INSERT INTO classroom VALUES (114,'H-6','H',161,'Classroom',25);
INSERT INTO classroom VALUES (115,'H-7','H',135,'Classroom',12);
INSERT INTO classroom VALUES (116,'H-8','H',155,'Classroom',19);
INSERT INTO classroom VALUES (117,'H-9','H',150,'Classroom',20);
INSERT INTO classroom VALUES (118,'H-10','H',143,'Classroom',18);
INSERT INTO classroom VALUES (119,'H-11','H',174,'Classroom',23);
INSERT INTO classroom VALUES (120,'H-12','H',230,'Classroom',7);
INSERT INTO classroom VALUES (121,'H-13','H',69,'Lab',2);
INSERT INTO classroom VALUES (122,'H-14','H',263,'Classroom',14);
INSERT INTO classroom VALUES (123,'H-15','H',205,'Classroom',21);
INSERT INTO classroom VALUES (124,'H-16','H',44,'Lab',14);
INSERT INTO classroom VALUES (125,'H-17','H',265,'Classroom',22);
INSERT INTO classroom VALUES (126,'H-18','H',217,'Classroom',2);
INSERT INTO classroom VALUES (127,'H-19','H',28,'Lab',3);
INSERT INTO classroom VALUES (128,'H-20','H',108,'Classroom',15);
INSERT INTO classroom VALUES (129,'H-21','H',122,'Classroom',14);
INSERT INTO classroom VALUES (130,'H-22','H',83,'Lab',24);
INSERT INTO classroom VALUES (131,'H-23','H',232,'Classroom',4);
INSERT INTO classroom VALUES (132,'I-0','I',88,'Lab',10);
INSERT INTO classroom VALUES (133,'I-1','I',234,'Classroom',14);
INSERT INTO classroom VALUES (134,'I-2','I',191,'Classroom',10);
INSERT INTO classroom VALUES (135,'I-3','I',181,'Classroom',13);
INSERT INTO classroom VALUES (136,'I-4','I',237,'Classroom',12);
INSERT INTO classroom VALUES (137,'I-5','I',114,'Classroom',20);
INSERT INTO classroom VALUES (138,'I-6','I',71,'Lab',7);
INSERT INTO classroom VALUES (139,'I-7','I',226,'Classroom',9);
INSERT INTO classroom VALUES (140,'I-8','I',96,'Lab',25);
INSERT INTO classroom VALUES (141,'I-9','I',50,'Lab',17);
INSERT INTO classroom VALUES (142,'I-10','I',65,'Lab',2);
INSERT INTO classroom VALUES (143,'I-11','I',74,'Lab',23);
INSERT INTO classroom VALUES (144,'I-12','I',163,'Classroom',24);
INSERT INTO classroom VALUES (145,'I-13','I',249,'Classroom',25);
INSERT INTO classroom VALUES (146,'I-14','I',210,'Classroom',1);
INSERT INTO classroom VALUES (147,'I-15','I',81,'Lab',16);
INSERT INTO classroom VALUES (148,'I-16','I',45,'Lab',2);
INSERT INTO classroom VALUES (149,'I-17','I',133,'Classroom',2);
INSERT INTO classroom VALUES (150,'I-18','I',87,'Lab',25);
INSERT INTO classroom VALUES (151,'I-19','I',258,'Classroom',6);
INSERT INTO classroom VALUES (152,'I-20','I',271,'Classroom',23);
INSERT INTO classroom VALUES (153,'I-21','I',264,'Classroom',24);
INSERT INTO classroom VALUES (154,'I-22','I',92,'Lab',5);
INSERT INTO classroom VALUES (155,'I-23','I',215,'Classroom',2);
INSERT INTO classroom VALUES (156,'I-24','I',270,'Classroom',24);
INSERT INTO classroom VALUES (157,'I-25','I',67,'Lab',15);
INSERT INTO classroom VALUES (158,'J-0','J',45,'Lab',26);
INSERT INTO classroom VALUES (159,'J-1','J',161,'Classroom',21);
INSERT INTO classroom VALUES (160,'J-2','J',214,'Classroom',9);
INSERT INTO classroom VALUES (161,'J-3','J',239,'Classroom',7);
INSERT INTO classroom VALUES (162,'J-4','J',53,'Lab',12);
INSERT INTO classroom VALUES (163,'J-5','J',82,'Lab',4);
INSERT INTO classroom VALUES (164,'J-6','J',85,'Lab',18);
INSERT INTO classroom VALUES (165,'J-7','J',181,'Classroom',25);
INSERT INTO classroom VALUES (166,'J-8','J',188,'Classroom',21);
INSERT INTO classroom VALUES (167,'J-9','J',200,'Classroom',22);
INSERT INTO classroom VALUES (168,'J-10','J',279,'Classroom',17);
INSERT INTO classroom VALUES (169,'J-11','J',251,'Classroom',24);
INSERT INTO classroom VALUES (170,'J-12','J',85,'Lab',10);
INSERT INTO classroom VALUES (171,'J-13','J',102,'Classroom',1);
INSERT INTO classroom VALUES (172,'J-14','J',268,'Classroom',24);
INSERT INTO classroom VALUES (173,'J-15','J',185,'Classroom',18);
INSERT INTO classroom VALUES (174,'J-16','J',222,'Classroom',24);
INSERT INTO classroom VALUES (175,'J-17','J',129,'Classroom',20);
INSERT INTO classroom VALUES (176,'J-18','J',69,'Lab',1);
INSERT INTO classroom VALUES (177,'J-19','J',78,'Lab',25);
INSERT INTO classroom VALUES (178,'J-20','J',76,'Lab',9);
INSERT INTO classroom VALUES (179,'J-21','J',107,'Classroom',2);
INSERT INTO classroom VALUES (180,'J-22','J',237,'Classroom',21);
INSERT INTO classroom VALUES (181,'J-23','J',64,'Lab',15);
INSERT INTO classroom VALUES (182,'J-24','J',74,'Lab',5);
INSERT INTO classroom VALUES (183,'J-25','J',60,'Lab',26);
INSERT INTO classroom VALUES (184,'J-26','J',38,'Lab',24);
INSERT INTO classroom VALUES (185,'J-27','J',177,'Classroom',26);
INSERT INTO classroom VALUES (186,'J-28','J',212,'Classroom',3);
INSERT INTO classroom VALUES (187,'K-0','K',124,'Classroom',16);
INSERT INTO classroom VALUES (188,'K-1','K',268,'Classroom',4);
INSERT INTO classroom VALUES (189,'K-2','K',151,'Classroom',4);
INSERT INTO classroom VALUES (190,'K-3','K',264,'Classroom',10);
INSERT INTO classroom VALUES (191,'L-0','L',165,'Classroom',25);
INSERT INTO classroom VALUES (192,'L-1','L',52,'Lab',8);
INSERT INTO classroom VALUES (193,'L-2','L',212,'Classroom',13);
INSERT INTO classroom VALUES (194,'L-3','L',209,'Classroom',18);
INSERT INTO classroom VALUES (195,'M-0','M',207,'Classroom',23);
INSERT INTO classroom VALUES (196,'M-1','M',189,'Classroom',23);
INSERT INTO classroom VALUES (197,'M-2','M',143,'Classroom',17);
INSERT INTO classroom VALUES (198,'M-3','M',59,'Lab',4);
INSERT INTO classroom VALUES (199,'M-4','M',251,'Classroom',26);
INSERT INTO classroom VALUES (200,'M-5','M',241,'Classroom',10);
INSERT INTO classroom VALUES (201,'M-6','M',132,'Classroom',25);
INSERT INTO classroom VALUES (202,'M-7','M',37,'Lab',3);
INSERT INTO classroom VALUES (203,'M-8','M',59,'Lab',23);
INSERT INTO classroom VALUES (204,'M-9','M',117,'Classroom',20);
INSERT INTO classroom VALUES (205,'M-10','M',203,'Classroom',2);
INSERT INTO classroom VALUES (206,'M-11','M',86,'Lab',24);
INSERT INTO classroom VALUES (207,'M-12','M',76,'Lab',6);
INSERT INTO classroom VALUES (208,'M-13','M',65,'Lab',18);
INSERT INTO classroom VALUES (209,'M-14','M',190,'Classroom',26);
INSERT INTO classroom VALUES (210,'M-15','M',100,'Lab',9);
INSERT INTO classroom VALUES (211,'N-0','N',63,'Lab',4);
INSERT INTO classroom VALUES (212,'N-1','N',261,'Classroom',17);
INSERT INTO classroom VALUES (213,'N-2','N',130,'Classroom',26);
INSERT INTO classroom VALUES (214,'N-3','N',56,'Lab',19);
INSERT INTO classroom VALUES (215,'N-4','N',100,'Lab',22);
INSERT INTO classroom VALUES (216,'N-5','N',172,'Classroom',17);
INSERT INTO classroom VALUES (217,'N-6','N',150,'Classroom',19);
INSERT INTO classroom VALUES (218,'N-7','N',122,'Classroom',11);
INSERT INTO classroom VALUES (219,'N-8','N',126,'Classroom',16);
INSERT INTO classroom VALUES (220,'N-9','N',176,'Classroom',10);
INSERT INTO classroom VALUES (221,'N-10','N',117,'Classroom',1);
INSERT INTO classroom VALUES (222,'N-11','N',200,'Classroom',16);
INSERT INTO classroom VALUES (223,'N-12','N',112,'Classroom',17);
INSERT INTO classroom VALUES (224,'N-13','N',107,'Classroom',20);
INSERT INTO classroom VALUES (225,'N-14','N',125,'Classroom',22);
INSERT INTO classroom VALUES (226,'N-15','N',250,'Classroom',21);
INSERT INTO classroom VALUES (227,'N-16','N',171,'Classroom',10);
INSERT INTO classroom VALUES (228,'N-17','N',87,'Lab',6);
INSERT INTO classroom VALUES (229,'O-0','O',255,'Classroom',14);
INSERT INTO classroom VALUES (230,'O-1','O',258,'Classroom',22);
INSERT INTO classroom VALUES (231,'O-2','O',240,'Classroom',14);
INSERT INTO classroom VALUES (232,'O-3','O',248,'Classroom',6);
INSERT INTO classroom VALUES (233,'O-4','O',74,'Lab',16);
INSERT INTO classroom VALUES (234,'O-5','O',237,'Classroom',14);
INSERT INTO classroom VALUES (235,'O-6','O',88,'Lab',18);
INSERT INTO classroom VALUES (236,'O-7','O',117,'Classroom',20);
INSERT INTO classroom VALUES (237,'P-0','P',260,'Classroom',3);
INSERT INTO classroom VALUES (238,'P-1','P',187,'Classroom',22);
INSERT INTO classroom VALUES (239,'P-2','P',44,'Lab',2);
INSERT INTO classroom VALUES (240,'P-3','P',185,'Classroom',25);
INSERT INTO classroom VALUES (241,'P-4','P',63,'Lab',7);
INSERT INTO classroom VALUES (242,'P-5','P',182,'Classroom',12);
INSERT INTO classroom VALUES (243,'P-6','P',142,'Classroom',5);
INSERT INTO classroom VALUES (244,'P-7','P',207,'Classroom',22);
INSERT INTO classroom VALUES (245,'P-8','P',122,'Classroom',2);
INSERT INTO classroom VALUES (246,'P-9','P',115,'Classroom',6);
INSERT INTO classroom VALUES (247,'P-10','P',134,'Classroom',17);
INSERT INTO classroom VALUES (248,'Q-0','Q',82,'Lab',23);
INSERT INTO classroom VALUES (249,'Q-1','Q',84,'Lab',9);
INSERT INTO classroom VALUES (250,'Q-2','Q',68,'Lab',2);
INSERT INTO classroom VALUES (251,'Q-3','Q',160,'Classroom',10);
INSERT INTO classroom VALUES (252,'Q-4','Q',25,'Lab',22);
INSERT INTO classroom VALUES (253,'Q-5','Q',217,'Classroom',21);
INSERT INTO classroom VALUES (254,'Q-6','Q',196,'Classroom',18);
INSERT INTO classroom VALUES (255,'Q-7','Q',152,'Classroom',3);
INSERT INTO classroom VALUES (256,'Q-8','Q',182,'Classroom',22);
INSERT INTO classroom VALUES (257,'Q-9','Q',255,'Classroom',3);
INSERT INTO classroom VALUES (258,'Q-10','Q',91,'Lab',16);
INSERT INTO classroom VALUES (259,'Q-11','Q',254,'Classroom',9);
INSERT INTO classroom VALUES (260,'Q-12','Q',30,'Lab',8);
INSERT INTO classroom VALUES (261,'Q-13','Q',137,'Classroom',15);
INSERT INTO classroom VALUES (262,'Q-14','Q',200,'Classroom',20);
INSERT INTO classroom VALUES (263,'Q-15','Q',236,'Classroom',10);
INSERT INTO classroom VALUES (264,'Q-16','Q',171,'Classroom',11);
INSERT INTO classroom VALUES (265,'Q-17','Q',81,'Lab',9);
INSERT INTO classroom VALUES (266,'Q-18','Q',189,'Classroom',10);
INSERT INTO classroom VALUES (267,'Q-19','Q',92,'Lab',17);
INSERT INTO classroom VALUES (268,'Q-20','Q',258,'Classroom',21);
INSERT INTO classroom VALUES (269,'Q-21','Q',264,'Classroom',24);
INSERT INTO classroom VALUES (270,'Q-22','Q',209,'Classroom',10);
INSERT INTO classroom VALUES (271,'Q-23','Q',81,'Lab',13);
INSERT INTO classroom VALUES (272,'Q-24','Q',46,'Lab',14);
INSERT INTO classroom VALUES (273,'Q-25','Q',104,'Classroom',25);
INSERT INTO classroom VALUES (274,'R-0','R',140,'Classroom',24);
INSERT INTO classroom VALUES (275,'R-1','R',147,'Classroom',24);
INSERT INTO classroom VALUES (276,'R-2','R',248,'Classroom',13);
INSERT INTO classroom VALUES (277,'R-3','R',261,'Classroom',26);
INSERT INTO classroom VALUES (278,'R-4','R',63,'Lab',25);
INSERT INTO classroom VALUES (279,'R-5','R',195,'Classroom',2);
INSERT INTO classroom VALUES (280,'R-6','R',122,'Classroom',21);
INSERT INTO classroom VALUES (281,'R-7','R',222,'Classroom',9);
INSERT INTO classroom VALUES (282,'R-8','R',183,'Classroom',20);
INSERT INTO classroom VALUES (283,'R-9','R',173,'Classroom',22);
INSERT INTO classroom VALUES (284,'R-10','R',134,'Classroom',19);
INSERT INTO classroom VALUES (285,'R-11','R',174,'Classroom',19);
INSERT INTO classroom VALUES (286,'R-12','R',186,'Classroom',6);
INSERT INTO classroom VALUES (287,'R-13','R',164,'Classroom',8);
INSERT INTO classroom VALUES (288,'R-14','R',276,'Classroom',18);
INSERT INTO classroom VALUES (289,'R-15','R',266,'Classroom',3);
INSERT INTO classroom VALUES (290,'R-16','R',150,'Classroom',13);
INSERT INTO classroom VALUES (291,'R-17','R',130,'Classroom',5);
INSERT INTO classroom VALUES (292,'R-18','R',215,'Classroom',5);
INSERT INTO classroom VALUES (293,'R-19','R',29,'Lab',1);
INSERT INTO classroom VALUES (294,'R-20','R',214,'Classroom',5);
INSERT INTO classroom VALUES (295,'R-21','R',94,'Lab',16);
INSERT INTO classroom VALUES (296,'S-0','S',147,'Classroom',13);
INSERT INTO classroom VALUES (297,'S-1','S',103,'Classroom',18);
INSERT INTO classroom VALUES (298,'S-2','S',277,'Classroom',13);
INSERT INTO classroom VALUES (299,'S-3','S',81,'Lab',13);
INSERT INTO classroom VALUES (300,'S-4','S',178,'Classroom',13);
INSERT INTO classroom VALUES (301,'S-5','S',112,'Classroom',12);
INSERT INTO classroom VALUES (302,'S-6','S',146,'Classroom',7);
INSERT INTO classroom VALUES (303,'S-7','S',240,'Classroom',23);
INSERT INTO classroom VALUES (304,'S-8','S',66,'Lab',13);
INSERT INTO classroom VALUES (305,'S-9','S',98,'Lab',21);
INSERT INTO classroom VALUES (306,'S-10','S',186,'Classroom',14);
INSERT INTO classroom VALUES (307,'S-11','S',68,'Lab',25);
INSERT INTO classroom VALUES (308,'T-0','T',62,'Lab',15);
INSERT INTO classroom VALUES (309,'T-1','T',93,'Lab',5);
INSERT INTO classroom VALUES (310,'T-2','T',195,'Classroom',3);
INSERT INTO classroom VALUES (311,'T-3','T',142,'Classroom',11);
INSERT INTO classroom VALUES (312,'T-4','T',77,'Lab',2);
INSERT INTO classroom VALUES (313,'T-5','T',86,'Lab',9);
INSERT INTO classroom VALUES (314,'T-6','T',180,'Classroom',14);
INSERT INTO classroom VALUES (315,'T-7','T',271,'Classroom',20);
INSERT INTO classroom VALUES (316,'T-8','T',31,'Lab',6);
INSERT INTO classroom VALUES (317,'T-9','T',191,'Classroom',25);
INSERT INTO classroom VALUES (318,'U-0','U',264,'Classroom',18);
INSERT INTO classroom VALUES (319,'U-1','U',48,'Lab',25);
INSERT INTO classroom VALUES (320,'U-2','U',139,'Classroom',3);
INSERT INTO classroom VALUES (321,'U-3','U',277,'Classroom',6);
INSERT INTO classroom VALUES (322,'U-4','U',228,'Classroom',16);
INSERT INTO classroom VALUES (323,'U-5','U',200,'Classroom',5);
INSERT INTO classroom VALUES (324,'U-6','U',182,'Classroom',26);
INSERT INTO classroom VALUES (325,'U-7','U',146,'Classroom',23);
INSERT INTO classroom VALUES (326,'U-8','U',39,'Lab',13);
INSERT INTO classroom VALUES (327,'U-9','U',109,'Classroom',8);
INSERT INTO classroom VALUES (328,'U-10','U',178,'Classroom',24);
INSERT INTO classroom VALUES (329,'U-11','U',58,'Lab',14);
INSERT INTO classroom VALUES (330,'U-12','U',26,'Lab',1);
INSERT INTO classroom VALUES (331,'V-0','V',116,'Classroom',9);
INSERT INTO classroom VALUES (332,'V-1','V',98,'Lab',6);
INSERT INTO classroom VALUES (333,'V-2','V',66,'Lab',8);
INSERT INTO classroom VALUES (334,'V-3','V',55,'Lab',6);
INSERT INTO classroom VALUES (335,'V-4','V',280,'Classroom',10);
INSERT INTO classroom VALUES (336,'V-5','V',265,'Classroom',26);
INSERT INTO classroom VALUES (337,'W-0','W',201,'Classroom',4);
INSERT INTO classroom VALUES (338,'W-1','W',189,'Classroom',26);
INSERT INTO classroom VALUES (339,'W-2','W',176,'Classroom',10);
INSERT INTO classroom VALUES (340,'W-3','W',270,'Classroom',25);
INSERT INTO classroom VALUES (341,'W-4','W',135,'Classroom',17);
INSERT INTO classroom VALUES (342,'W-5','W',48,'Lab',7);
INSERT INTO classroom VALUES (343,'W-6','W',203,'Classroom',21);
INSERT INTO classroom VALUES (344,'W-7','W',52,'Lab',22);
INSERT INTO classroom VALUES (345,'W-8','W',131,'Classroom',11);
INSERT INTO classroom VALUES (346,'W-9','W',58,'Lab',11);
INSERT INTO classroom VALUES (347,'W-10','W',157,'Classroom',18);
INSERT INTO classroom VALUES (348,'W-11','W',72,'Lab',21);
INSERT INTO classroom VALUES (349,'W-12','W',91,'Lab',7);
INSERT INTO classroom VALUES (350,'W-13','W',187,'Classroom',26);
INSERT INTO classroom VALUES (351,'W-14','W',167,'Classroom',23);
INSERT INTO classroom VALUES (352,'W-15','W',234,'Classroom',8);
INSERT INTO classroom VALUES (353,'W-16','W',206,'Classroom',4);
INSERT INTO classroom VALUES (354,'W-17','W',159,'Classroom',8);
INSERT INTO classroom VALUES (355,'W-18','W',203,'Classroom',23);
INSERT INTO classroom VALUES (356,'W-19','W',80,'Lab',2);
INSERT INTO classroom VALUES (357,'W-20','W',47,'Lab',9);
INSERT INTO classroom VALUES (358,'W-21','W',152,'Classroom',2);
INSERT INTO classroom VALUES (359,'W-22','W',189,'Classroom',14);
INSERT INTO classroom VALUES (360,'W-23','W',246,'Classroom',15);
INSERT INTO classroom VALUES (361,'X-0','X',117,'Classroom',6);
INSERT INTO classroom VALUES (362,'X-1','X',161,'Classroom',16);
INSERT INTO classroom VALUES (363,'X-2','X',138,'Classroom',13);
INSERT INTO classroom VALUES (364,'X-3','X',275,'Classroom',19);
INSERT INTO classroom VALUES (365,'X-4','X',225,'Classroom',22);
INSERT INTO classroom VALUES (366,'X-5','X',200,'Classroom',7);
INSERT INTO classroom VALUES (367,'X-6','X',226,'Classroom',25);
INSERT INTO classroom VALUES (368,'X-7','X',220,'Classroom',25);
INSERT INTO classroom VALUES (369,'X-8','X',64,'Lab',2);
INSERT INTO classroom VALUES (370,'X-9','X',45,'Lab',26);
INSERT INTO classroom VALUES (371,'X-10','X',155,'Classroom',21);
INSERT INTO classroom VALUES (372,'X-11','X',167,'Classroom',18);
INSERT INTO classroom VALUES (373,'X-12','X',190,'Classroom',22);
INSERT INTO classroom VALUES (374,'X-13','X',113,'Classroom',22);
INSERT INTO classroom VALUES (375,'X-14','X',80,'Lab',6);
INSERT INTO classroom VALUES (376,'X-15','X',179,'Classroom',4);
INSERT INTO classroom VALUES (377,'X-16','X',201,'Classroom',20);
INSERT INTO classroom VALUES (378,'X-17','X',241,'Classroom',16);
INSERT INTO classroom VALUES (379,'X-18','X',161,'Classroom',18);
INSERT INTO classroom VALUES (380,'X-19','X',56,'Lab',21);
INSERT INTO classroom VALUES (381,'X-20','X',29,'Lab',23);
INSERT INTO classroom VALUES (382,'X-21','X',204,'Classroom',13);
INSERT INTO classroom VALUES (383,'X-22','X',178,'Classroom',3);
INSERT INTO classroom VALUES (384,'X-23','X',109,'Classroom',19);
INSERT INTO classroom VALUES (385,'X-24','X',65,'Lab',24);
INSERT INTO classroom VALUES (386,'X-25','X',265,'Classroom',25);
INSERT INTO classroom VALUES (387,'Y-0','Y',145,'Classroom',9);
INSERT INTO classroom VALUES (388,'Y-1','Y',92,'Lab',10);
INSERT INTO classroom VALUES (389,'Y-2','Y',188,'Classroom',4);
INSERT INTO classroom VALUES (390,'Y-3','Y',122,'Classroom',23);
INSERT INTO classroom VALUES (391,'Y-4','Y',116,'Classroom',6);
INSERT INTO classroom VALUES (392,'Y-5','Y',124,'Classroom',11);
INSERT INTO classroom VALUES (393,'Y-6','Y',68,'Lab',7);
INSERT INTO classroom VALUES (394,'Y-7','Y',59,'Lab',12);
INSERT INTO classroom VALUES (395,'Y-8','Y',25,'Lab',11);
INSERT INTO classroom VALUES (396,'Y-9','Y',229,'Classroom',10);
INSERT INTO classroom VALUES (397,'Y-10','Y',202,'Classroom',1);
INSERT INTO classroom VALUES (398,'Y-11','Y',50,'Lab',16);
INSERT INTO classroom VALUES (399,'Y-12','Y',117,'Classroom',24);
INSERT INTO classroom VALUES (400,'Y-13','Y',219,'Classroom',26);

--
-- Table structure for table `department`
--

DROP TABLE IF EXISTS department;
/*!40101 SET @saved_cs_client     = @@character_set_client */;
/*!50503 SET character_set_client = utf8mb4 */;
CREATE TABLE department (
  DepartmentID int NOT NULL,
  DepartmentName text,
  CollegeName text,
  AnnualBudget int DEFAULT NULL,
  NumberofStudents int DEFAULT NULL,
  PRIMARY KEY (DepartmentID)
) ENGINE=InnoDB DEFAULT CHARSET=utf8mb4 COLLATE=utf8mb4_0900_ai_ci;
/*!40101 SET character_set_client = @saved_cs_client */;

--
-- Dumping data for table `department`
--

INSERT INTO department VALUES (1,'Ecology and Evolutionary Biology','College of Agriculture and Life Sciences',320000,481);
INSERT INTO department VALUES (2,'Food Science','College of Agriculture and Life Sciences',900000,825);
INSERT INTO department VALUES (3,'Microbiology','College of Agriculture and Life Sciences',840000,632);
INSERT INTO department VALUES (4,'Computational Biology','College of Agriculture and Life Sciences',880000,679);
INSERT INTO department VALUES (5,'Molecular Biology and Genetics','College of Agriculture and Life Sciences',490000,908);
INSERT INTO department VALUES (6,'Neurobiology and Behavior','College of Agriculture and Life Sciences',150000,446);
INSERT INTO department VALUES (7,'Statistics and Data Science','College of Agriculture and Life Sciences',90000,637);
INSERT INTO department VALUES (8,'Architecture','College of Architecture, Art, and Planning',380000,802);
INSERT INTO department VALUES (9,'Art','College of Architecture, Art, and Planning',670000,628);
INSERT INTO department VALUES (10,'City and Regional Planning','College of Architecture, Art, and Planning',560000,785);
INSERT INTO department VALUES (11,'History','College of Arts and Sciences',240000,988);
INSERT INTO department VALUES (12,'Physics','College of Arts and Sciences',210000,838);
INSERT INTO department VALUES (13,'Psychology','College of Arts and Sciences',990000,410);
INSERT INTO department VALUES (14,'Science and Technology Studies','College of Arts and Sciences',480000,595);
INSERT INTO department VALUES (15,'Mathematics','College of Arts and Sciences',660000,571);
INSERT INTO department VALUES (16,'Molecular Biology and Genetics','College of Arts and Sciences',930000,375);
INSERT INTO department VALUES (17,'Economics','College of Arts and Sciences',730000,614);
INSERT INTO department VALUES (18,'Anthropology','College of Arts and Sciences',280000,295);
INSERT INTO department VALUES (19,'Computer Science','College of Engineering',320000,433);
INSERT INTO department VALUES (20,'Information Science','College of Engineering',910000,324);
INSERT INTO department VALUES (21,'Operations Research and Information Engineering','College of Engineering',200000,404);
INSERT INTO department VALUES (22,'Mechanical and Aerospace Engineering ','College of Engineering',360000,364);
INSERT INTO department VALUES (23,'Materials Science and Engineering','College of Engineering',160000,819);
INSERT INTO department VALUES (24,' Civil and Environmental Engineering','College of Engineering',810000,694);
INSERT INTO department VALUES (25,'Electrical and Computer Engineering','College of Engineering',780000,173);
INSERT INTO department VALUES (26,'Biomedical Engineering','College of Engineering',500000,951);

--
-- Table structure for table `professor`
--

DROP TABLE IF EXISTS professor;
/*!40101 SET @saved_cs_client     = @@character_set_client */;
/*!50503 SET character_set_client = utf8mb4 */;
CREATE TABLE professor (
  ProfessorID int NOT NULL,
  `Name` text,
  Surname text,
  Gender text,
  NumberOfPublications int DEFAULT NULL,
  DeptID int DEFAULT NULL,
  PRIMARY KEY (ProfessorID),
  KEY DeptID_idx (DeptID),
  CONSTRAINT DeptID FOREIGN KEY (DeptID) REFERENCES department (DepartmentID) ON DELETE CASCADE ON UPDATE CASCADE
) ENGINE=InnoDB DEFAULT CHARSET=utf8mb4 COLLATE=utf8mb4_0900_ai_ci;
/*!40101 SET character_set_client = @saved_cs_client */;

--
-- Dumping data for table `professor`
--

INSERT INTO professor VALUES (1,'Cody','Ramos','Male',5,23);
INSERT INTO professor VALUES (2,'Kamden','Conrad','Male',5,17);
INSERT INTO professor VALUES (3,'Henry','Lawson','Male',6,2);
INSERT INTO professor VALUES (4,'Talan','Wagner','Male',8,2);
INSERT INTO professor VALUES (5,'Yahir','Gilmore','Male',12,4);
INSERT INTO professor VALUES (6,'Killian','Zuniga','Male',11,9);
INSERT INTO professor VALUES (7,'Ryan','Wu','Male',17,19);
INSERT INTO professor VALUES (8,'Jake','Craig','Male',12,17);
INSERT INTO professor VALUES (9,'Rishi','Weeks','Male',2,2);
INSERT INTO professor VALUES (10,'Garrett','Barry','Male',15,5);
INSERT INTO professor VALUES (11,'Davon','George','Male',9,4);
INSERT INTO professor VALUES (12,'Zane','Duarte','Male',6,25);
INSERT INTO professor VALUES (13,'August','Beltran','Male',2,18);
INSERT INTO professor VALUES (14,'Brice','Townsend','Male',17,21);
INSERT INTO professor VALUES (15,'Riley','Gallagher','Male',14,11);
INSERT INTO professor VALUES (16,'Terry','Little','Male',15,14);
INSERT INTO professor VALUES (17,'Bryson','Hickman','Male',15,8);
INSERT INTO professor VALUES (18,'Felipe','Bass','Male',8,23);
INSERT INTO professor VALUES (19,'Ty','Arellano','Male',16,15);
INSERT INTO professor VALUES (20,'Maximus','Hester','Male',3,24);
INSERT INTO professor VALUES (21,'Silas','Thomas','Male',14,11);
INSERT INTO professor VALUES (22,'Jeremy','Sexton','Male',8,18);
INSERT INTO professor VALUES (23,'Martin','Summers','Male',17,12);
INSERT INTO professor VALUES (24,'Santos','Potter','Male',3,25);
INSERT INTO professor VALUES (25,'Timothy','Herring','Male',2,22);
INSERT INTO professor VALUES (26,'Shane','Schaefer','Male',2,5);
INSERT INTO professor VALUES (27,'London','Hall','Male',16,19);
INSERT INTO professor VALUES (28,'Oscar','Boyd','Male',12,10);
INSERT INTO professor VALUES (29,'Terrell','York','Male',13,12);
INSERT INTO professor VALUES (30,'Alexzander','Henson','Male',14,23);
INSERT INTO professor VALUES (31,'Terrell','Gibbs','Male',3,18);
INSERT INTO professor VALUES (32,'Yair','Dixon','Male',15,16);
INSERT INTO professor VALUES (33,'Tristan','Johnston','Male',16,7);
INSERT INTO professor VALUES (34,'Jair','Navarro','Male',14,3);
INSERT INTO professor VALUES (35,'Angel','Sosa','Male',10,11);
INSERT INTO professor VALUES (36,'Marquis','Mckay','Male',13,24);
INSERT INTO professor VALUES (37,'Teagan','Sharp','Male',7,1);
INSERT INTO professor VALUES (38,'Jacob','Michael','Male',17,14);
INSERT INTO professor VALUES (39,'Quinten','Conway','Male',12,8);
INSERT INTO professor VALUES (40,'Alfredo','Green','Male',11,18);
INSERT INTO professor VALUES (41,'Xzavier','Gibbs','Male',7,6);
INSERT INTO professor VALUES (42,'Justin','Molina','Male',11,7);
INSERT INTO professor VALUES (43,'Reagan','Ibarra','Male',11,1);
INSERT INTO professor VALUES (44,'Maxwell','Church','Male',2,11);
INSERT INTO professor VALUES (45,'Ishaan','Shepherd','Male',10,1);
INSERT INTO professor VALUES (46,'Maximo','Daniel','Male',12,8);
INSERT INTO professor VALUES (47,'Franco','Carpenter','Male',9,8);
INSERT INTO professor VALUES (48,'Mason','Farrell','Male',14,15);
INSERT INTO professor VALUES (49,'Izayah','Cohen','Male',13,14);
INSERT INTO professor VALUES (50,'Brenden','Simmons','Male',10,7);
INSERT INTO professor VALUES (51,'Colby','Hooper','Male',9,22);
INSERT INTO professor VALUES (52,'Gordon','Casey','Male',6,15);
INSERT INTO professor VALUES (53,'Greyson','Madden','Male',10,23);
INSERT INTO professor VALUES (54,'Reilly','Price','Male',8,2);
INSERT INTO professor VALUES (55,'Marquis','Rogers','Male',10,18);
INSERT INTO professor VALUES (56,'Marc','Villa','Male',5,21);
INSERT INTO professor VALUES (57,'Felix','Lozano','Male',12,8);
INSERT INTO professor VALUES (58,'Nathanial','Hunt','Male',6,20);
INSERT INTO professor VALUES (59,'Dereon','Forbes','Male',8,11);
INSERT INTO professor VALUES (60,'Rylee','Kidd','Male',6,11);
INSERT INTO professor VALUES (61,'Gilberto','Hayden','Male',8,13);
INSERT INTO professor VALUES (62,'Scott','Wiley','Male',11,19);
INSERT INTO professor VALUES (63,'Heath','Rubio','Male',12,19);
INSERT INTO professor VALUES (64,'Colby','Booth','Male',11,8);
INSERT INTO professor VALUES (65,'Konner','Mcmahon','Male',3,12);
INSERT INTO professor VALUES (66,'Devan','Barker','Male',6,6);
INSERT INTO professor VALUES (67,'Raphael','Underwood','Male',10,18);
INSERT INTO professor VALUES (68,'Hezekiah','Pugh','Male',3,14);
INSERT INTO professor VALUES (69,'Albert','Tyler','Male',1,15);
INSERT INTO professor VALUES (70,'Abel','Benitez','Male',12,19);
INSERT INTO professor VALUES (71,'Jayson','Boyer','Male',1,15);
INSERT INTO professor VALUES (72,'Urijah','Ortiz','Male',14,17);
INSERT INTO professor VALUES (73,'Christopher','Salinas','Male',8,15);
INSERT INTO professor VALUES (74,'Javion','Lozano','Male',1,18);
INSERT INTO professor VALUES (75,'Omar','Ballard','Male',16,14);
INSERT INTO professor VALUES (76,'Elvis','Giles','Male',7,1);
INSERT INTO professor VALUES (77,'Grant','Gibson','Male',1,9);
INSERT INTO professor VALUES (78,'Jefferson','Barajas','Male',8,15);
INSERT INTO professor VALUES (79,'Ezequiel','Blackwell','Male',4,2);
INSERT INTO professor VALUES (80,'Leonel','Ward','Male',3,15);
INSERT INTO professor VALUES (81,'Rowan','Snow','Male',7,13);
INSERT INTO professor VALUES (82,'Jordyn','Ramsey','Male',8,17);
INSERT INTO professor VALUES (83,'Gordon','Burns','Male',7,11);
INSERT INTO professor VALUES (84,'Nehemiah','Summers','Male',17,24);
INSERT INTO professor VALUES (85,'Lewis','Watkins','Male',1,5);
INSERT INTO professor VALUES (86,'Logan','Morris','Male',12,13);
INSERT INTO professor VALUES (87,'Alfonso','Galloway','Male',12,1);
INSERT INTO professor VALUES (88,'Brayan','Cortez','Male',10,8);
INSERT INTO professor VALUES (89,'Reed','Solis','Male',17,8);
INSERT INTO professor VALUES (90,'Fabian','Stevens','Male',7,8);
INSERT INTO professor VALUES (91,'Luke','Mueller','Male',9,4);
INSERT INTO professor VALUES (92,'Rene','Maddox','Male',10,18);
INSERT INTO professor VALUES (93,'Deacon','Mccoy','Male',9,23);
INSERT INTO professor VALUES (94,'Simon','Hickman','Male',11,12);
INSERT INTO professor VALUES (95,'Fletcher','Fry','Male',2,7);
INSERT INTO professor VALUES (96,'Marshall','Cook','Male',12,6);
INSERT INTO professor VALUES (97,'Bruno','Hatfield','Male',14,11);
INSERT INTO professor VALUES (98,'Bryan','Chapman','Male',7,17);
INSERT INTO professor VALUES (99,'Cole','Werner','Male',5,3);
INSERT INTO professor VALUES (100,'Ethen','Avery','Male',13,25);
INSERT INTO professor VALUES (101,'Darren','Anthony','Male',13,12);
INSERT INTO professor VALUES (102,'Gordon','Vincent','Male',12,4);
INSERT INTO professor VALUES (103,'Konner','Mckay','Male',7,2);
INSERT INTO professor VALUES (104,'Alfonso','Gregory','Male',15,17);
INSERT INTO professor VALUES (105,'Armani','Colon','Male',6,18);
INSERT INTO professor VALUES (106,'Andres','Gardner','Male',13,15);
INSERT INTO professor VALUES (107,'Santos','Lamb','Male',5,19);
INSERT INTO professor VALUES (108,'Jean','Houston','Male',3,19);
INSERT INTO professor VALUES (109,'Gavin','Newton','Male',5,7);
INSERT INTO professor VALUES (110,'Santino','Pace','Male',3,16);
INSERT INTO professor VALUES (111,'Markus','Hart','Male',1,20);
INSERT INTO professor VALUES (112,'Pierre','Guerrero','Male',1,12);
INSERT INTO professor VALUES (113,'Deegan','Huerta','Male',11,3);
INSERT INTO professor VALUES (114,'Francis','Sawyer','Male',1,3);
INSERT INTO professor VALUES (115,'Luka','Horn','Male',14,26);
INSERT INTO professor VALUES (116,'Jayden','Hooper','Male',13,22);
INSERT INTO professor VALUES (117,'Krish','Stephens','Male',16,1);
INSERT INTO professor VALUES (118,'Jadiel','Lewis','Male',7,20);
INSERT INTO professor VALUES (119,'Leo','Singh','Male',7,2);
INSERT INTO professor VALUES (120,'Dereon','Shea','Male',13,4);
INSERT INTO professor VALUES (121,'Ian','Mathis','Male',13,15);
INSERT INTO professor VALUES (122,'Maverick','Leonard','Male',16,24);
INSERT INTO professor VALUES (123,'Tony','Nelson','Male',1,15);
INSERT INTO professor VALUES (124,'Jaylan','Mitchell','Male',4,22);
INSERT INTO professor VALUES (125,'Ulises','Ward','Male',17,14);
INSERT INTO professor VALUES (126,'Samir','Gray','Male',7,8);
INSERT INTO professor VALUES (127,'Javon','Horton','Male',13,26);
INSERT INTO professor VALUES (128,'Camren','Costa','Male',14,5);
INSERT INTO professor VALUES (129,'Jorden','Burch','Male',17,3);
INSERT INTO professor VALUES (130,'Gideon','Vargas','Male',13,11);
INSERT INTO professor VALUES (131,'Dakota','Kaufman','Male',16,20);
INSERT INTO professor VALUES (132,'Jerimiah','Robles','Male',12,9);
INSERT INTO professor VALUES (133,'Grayson','Ware','Male',7,13);
INSERT INTO professor VALUES (134,'Jason','Rasmussen','Male',10,9);
INSERT INTO professor VALUES (135,'Mason','Mccarthy','Male',8,5);
INSERT INTO professor VALUES (136,'Roberto','Cuevas','Male',16,20);
INSERT INTO professor VALUES (137,'Ellie','Kidd','Female',9,22);
INSERT INTO professor VALUES (138,'Amaya','Brown','Female',8,22);
INSERT INTO professor VALUES (139,'Hillary','Berg','Female',9,6);
INSERT INTO professor VALUES (140,'April','Patton','Female',10,21);
INSERT INTO professor VALUES (141,'Julianna','Hopkins','Female',5,9);
INSERT INTO professor VALUES (142,'Melody','Singh','Female',5,16);
INSERT INTO professor VALUES (143,'Elsie','Freeman','Female',1,5);
INSERT INTO professor VALUES (144,'Sariah','Weiss','Female',11,24);
INSERT INTO professor VALUES (145,'Cadence','Rubio','Female',2,25);
INSERT INTO professor VALUES (146,'Lainey','Hicks','Female',4,23);
INSERT INTO professor VALUES (147,'Jayda','Cardenas','Female',3,1);
INSERT INTO professor VALUES (148,'Angie','Shields','Female',16,14);
INSERT INTO professor VALUES (149,'Savannah','Estrada','Female',6,9);
INSERT INTO professor VALUES (150,'Karlee','Kaiser','Female',6,3);
INSERT INTO professor VALUES (151,'Haley','Hensley','Female',6,17);
INSERT INTO professor VALUES (152,'Malia','Cortez','Female',4,22);
INSERT INTO professor VALUES (153,'Hillary','Ochoa','Female',12,4);
INSERT INTO professor VALUES (154,'Nataly','Bush','Female',9,5);
INSERT INTO professor VALUES (155,'Athena','Bishop','Female',10,9);
INSERT INTO professor VALUES (156,'Sage','Welch','Female',17,18);
INSERT INTO professor VALUES (157,'Makena','Huff','Female',8,16);
INSERT INTO professor VALUES (158,'Jayla','Pollard','Female',14,16);
INSERT INTO professor VALUES (159,'Meredith','Pollard','Female',9,16);
INSERT INTO professor VALUES (160,'Jasmine','Copeland','Female',8,24);
INSERT INTO professor VALUES (161,'Eliana','Anderson','Female',16,21);
INSERT INTO professor VALUES (162,'Madelynn','Knight','Female',7,21);
INSERT INTO professor VALUES (163,'Nadia','Waters','Female',16,2);
INSERT INTO professor VALUES (164,'Julianne','Leonard','Female',8,18);
INSERT INTO professor VALUES (165,'Angela','Bender','Female',10,23);
INSERT INTO professor VALUES (166,'Macy','Hoover','Female',8,23);
INSERT INTO professor VALUES (167,'Isabela','Krueger','Female',4,19);
INSERT INTO professor VALUES (168,'Cheyanne','Brown','Female',16,1);
INSERT INTO professor VALUES (169,'Selena','Ortega','Female',7,14);
INSERT INTO professor VALUES (170,'Briana','Martinez','Female',5,13);
INSERT INTO professor VALUES (171,'Briley','Wong','Female',3,7);
INSERT INTO professor VALUES (172,'April','Cowan','Female',12,18);
INSERT INTO professor VALUES (173,'Rebecca','Snow','Female',10,3);
INSERT INTO professor VALUES (174,'Lara','Rios','Female',16,12);
INSERT INTO professor VALUES (175,'Hazel','Hawkins','Female',15,1);
INSERT INTO professor VALUES (176,'Amanda','Mcmahon','Female',9,23);
INSERT INTO professor VALUES (177,'Gloria','Hoffman','Female',14,14);
INSERT INTO professor VALUES (178,'Jordan','Bowen','Female',1,15);
INSERT INTO professor VALUES (179,'Alexa','Shaw','Female',1,5);
INSERT INTO professor VALUES (180,'Miranda','Harvey','Female',16,1);
INSERT INTO professor VALUES (181,'Yadira','Melton','Female',8,19);
INSERT INTO professor VALUES (182,'Patricia','Bird','Female',4,10);
INSERT INTO professor VALUES (183,'Amelie','Fleming','Female',13,22);
INSERT INTO professor VALUES (184,'Nadia','Vega','Female',3,23);
INSERT INTO professor VALUES (185,'Dania','Prince','Female',1,2);
INSERT INTO professor VALUES (186,'Brianna','Rasmussen','Female',7,25);
INSERT INTO professor VALUES (187,'Mireya','Andrade','Female',11,14);
INSERT INTO professor VALUES (188,'Hallie','Forbes','Female',11,11);
INSERT INTO professor VALUES (189,'Georgia','Patton','Female',3,8);
INSERT INTO professor VALUES (190,'Neveah','Marks','Female',10,23);
INSERT INTO professor VALUES (191,'Skye','Jones','Female',12,4);
INSERT INTO professor VALUES (192,'Mercedes','Mcfarland','Female',10,7);
INSERT INTO professor VALUES (193,'Cadence','Duarte','Female',7,6);
INSERT INTO professor VALUES (194,'Valeria','Martinez','Female',5,21);
INSERT INTO professor VALUES (195,'Ashlyn','Bowers','Female',14,17);
INSERT INTO professor VALUES (196,'Zara','Aguirre','Female',10,14);
INSERT INTO professor VALUES (197,'Brooklynn','Brennan','Female',4,17);
INSERT INTO professor VALUES (198,'Desiree','Saunders','Female',6,18);
INSERT INTO professor VALUES (199,'Libby','Zuniga','Female',7,7);
INSERT INTO professor VALUES (200,'Anabel','Lawson','Female',11,21);
INSERT INTO professor VALUES (201,'Jamya','Russo','Female',10,12);
INSERT INTO professor VALUES (202,'Leanna','Leon','Female',17,24);
INSERT INTO professor VALUES (203,'Leia','Brock','Female',13,24);
INSERT INTO professor VALUES (204,'Jenna','Estrada','Female',2,16);
INSERT INTO professor VALUES (205,'Milagros','Grimes','Female',5,9);
INSERT INTO professor VALUES (206,'Marianna','Woodard','Female',13,12);
INSERT INTO professor VALUES (207,'Jaycee','Payne','Female',7,13);
INSERT INTO professor VALUES (208,'Kendal','Huffman','Female',4,26);
INSERT INTO professor VALUES (209,'Kaylee','Hernandez','Female',13,23);
INSERT INTO professor VALUES (210,'Talia','Stephens','Female',5,6);
INSERT INTO professor VALUES (211,'Luz','Bell','Female',15,10);
INSERT INTO professor VALUES (212,'Isla','Nolan','Female',15,13);
INSERT INTO professor VALUES (213,'Tania','Ruiz','Female',6,4);
INSERT INTO professor VALUES (214,'Diana','Hull','Female',2,5);
INSERT INTO professor VALUES (215,'Isabel','Petersen','Female',7,1);
INSERT INTO professor VALUES (216,'Monica','Donovan','Female',16,26);
INSERT INTO professor VALUES (217,'Ryan','Jennings','Female',12,21);
INSERT INTO professor VALUES (218,'Shyanne','Mcneil','Female',4,12);
INSERT INTO professor VALUES (219,'Barbara','Savage','Female',9,19);
INSERT INTO professor VALUES (220,'Mireya','Gates','Female',2,24);
INSERT INTO professor VALUES (221,'Alexus','Hunter','Female',9,20);
INSERT INTO professor VALUES (222,'Selina','Pope','Female',7,12);
INSERT INTO professor VALUES (223,'Marin','Tucker','Female',16,7);
INSERT INTO professor VALUES (224,'Tiara','Watts','Female',12,11);
INSERT INTO professor VALUES (225,'Areli','Middleton','Female',11,13);
INSERT INTO professor VALUES (226,'Eve','Huber','Female',6,17);
INSERT INTO professor VALUES (227,'Londyn','Crosby','Female',11,4);
INSERT INTO professor VALUES (228,'Miracle','Simmons','Female',14,10);
INSERT INTO professor VALUES (229,'Alayna','Santos','Female',16,9);
INSERT INTO professor VALUES (230,'Sierra','Zhang','Female',11,13);
INSERT INTO professor VALUES (231,'Aniyah','Brewer','Female',3,9);
INSERT INTO professor VALUES (232,'Jazlene','Henson','Female',14,7);
INSERT INTO professor VALUES (233,'Yamilet','Hernandez','Female',4,1);
INSERT INTO professor VALUES (234,'Annalise','Mckee','Female',12,24);

/*!40101 SET SQL_MODE=@OLD_SQL_MODE */;
/*!40014 SET FOREIGN_KEY_CHECKS=@OLD_FOREIGN_KEY_CHECKS */;
/*!40014 SET UNIQUE_CHECKS=@OLD_UNIQUE_CHECKS */;
/*!40101 SET CHARACTER_SET_CLIENT=@OLD_CHARACTER_SET_CLIENT */;
/*!40101 SET CHARACTER_SET_RESULTS=@OLD_CHARACTER_SET_RESULTS */;
/*!40101 SET COLLATION_CONNECTION=@OLD_COLLATION_CONNECTION */;
/*!40111 SET SQL_NOTES=@OLD_SQL_NOTES */;

-- Dump completed on 2022-11-17 23:38:06
